{
    "employee1": [
        {
            "timestamp": "20250420_200217",
            "results": {
                "angry": 11.899298667907715,
                "disgust": 0.00692242244258523,
                "fear": 7.858062744140625,
                "happy": 0.11405898630619049,
                "sad": 22.51569175720215,
                "surprise": 6.826548099517822,
                "neutral": 50.7794303894043
            }
        },
        {
            "timestamp": "20250421_201232",
            "results": {
                "angry": 11.899298667907715,
                "disgust": 0.00692242244258523,
                "fear": 7.858062744140625,
                "happy": 0.11405898630619049,
                "sad": 22.51569175720215,
                "surprise": 6.826548099517822,
                "neutral": 50.7794303894043
            }
        }
    ]
}